Threads,libcuckoo,tbb
1,1097970.65988,1202812.2769053334
4,2650743.074608,5009278.443770333
16,7263031.218016333,6345875.118712667
32,10973013.95258,7416474.000159333
