Threads,libcuckoo,tbb
1,9918856.69047,6416332.95403
4,28337693.8947,12171249.254
16,61073949.8663,6454783.033439
32,75234814.184,10185123.194977665
