Threads,libcuckoo,tbb
1,8961290.943136001,6505937.308245999
4,22908602.981301,15513010.83799
16,77149454.294481,22032065.927249
18,79028071.581708,23112331.799691666
