Hashpower,libcuckoo,tbb
25,475214.6666666667,1640534.6666666667
26,931246.6666666666,3273261.3333333335
27,1848106.6666666667,6540968.0
28,3682554.6666666665,13076801.333333334
