Threads,libcuckoo,tbb
1,11324661.633333333,12347727.700000001
4,46762567.833333336,35771472.43333333
16,137623133.63333333,105012063.93333334
32,164642047.9,111872521.59999998
