Threads,libcuckoo,tbb
1,2707170.5,1459530.1666666667
4,10350831.299999999,5947105.733333334
16,34023915.699999996,22144647.166666668
32,52714082.03333333,38578490.300000004
